AnnotSV_ID	SV_chrom	SV_start	SV_end	SV_length	SV_type	user#1	user#2	user#3	user#4	user#5	user#6	user#7	user#8	user#9	user#10	user#11	user#12	Samples_ID	Annotation_mode	CytoBand	Gene_name	Gene_count	Tx	Tx_start	Tx_end	Overlapped_tx_length	Overlapped_CDS_length	Overlapped_CDS_percent	Frameshift	Exon_count	Location	Location2	Dist_nearest_SS	Nearest_SS_type	Intersect_start	Intersect_end	RE_gene	P_gain_phen	P_gain_hpo	P_gain_source	P_gain_coord	P_loss_phen	P_loss_hpo	P_loss_source	P_loss_coord	P_ins_phen	P_ins_hpo	P_ins_source	P_ins_coord	po_P_gain_phen	po_P_gain_hpo	po_P_gain_source	po_P_gain_coord	po_P_gain_percent	po_P_loss_phen	po_P_loss_hpo	po_P_loss_source	po_P_loss_coord	po_P_loss_percent	P_snvindel_nb	P_snvindel_phen	B_gain_source	B_gain_coord	B_gain_AFmax	B_loss_source	B_loss_coord	B_loss_AFmax	B_ins_source	B_ins_coord	B_ins_AFmax	B_inv_source	B_inv_coord	B_inv_AFmax	po_B_gain_allG_source	po_B_gain_allG_coord	po_B_gain_someG_source	po_B_gain_someG_coord	po_B_loss_allG_source	po_B_loss_allG_coord	po_B_loss_someG_source	po_B_loss_someG_coord	TAD_coordinate	ENCODE_experiment	GC_content_left	GC_content_right	Repeat_coord_left	Repeat_type_left	Repeat_coord_right	Repeat_type_right	Gap_left	Gap_right	SegDup_left	SegDup_right	ENCODE_blacklist_left	ENCODE_blacklist_characteristics_left	ENCODE_blacklist_right	ENCODE_blacklist_characteristics_right	ACMG	HI	TS	DDD_HI_percent	ExAC_delZ	ExAC_dupZ	ExAC_cnvZ	ExAC_synZ	ExAC_misZ	GenCC_disease	GenCC_moi	GenCC_classification	GenCC_pmid	OMIM_ID	OMIM_phenotype	OMIM_inheritance	OMIM_morbid	OMIM_morbid_candidate	LOEUF_bin	GnomAD_pLI	ExAC_pLI	AnnotSV_ranking_score	AnnotSV_ranking_criteria	ACMG_class
12_54332476_54333527_DEL_1	12	54332476	54333527	-1051	DEL	165913	165914	deletion	2	54332476	54333527	12	chr12:54332476-54333527	5.1	98	64	0.653	NA	full	q13.13	HOXC13;HOXC13-AS	2																														dbVar:nssv15148920;dbVar:nssv15161414;nssv15161422;dbVar:nssv15161620;dbVar:nssv15161798;dbVar:nssv15171852;dbVar:nssv15171855	12:1-133851895;12:173787-133777902;12:191619-133777645;12:282465-133773393;12:53814390-56596726;12:621220-133779118	0.00;0.04	Ectodermal dysplasia 9, hair;nail type, 614931 (3) AR		dbVar:nssv15120270;dbVar:nssv15147135;dbVar:nssv15755147;morbid:HOXC13	12:53617808-54616234;12:53784698-54741363;12:54308194-54335815;12:54332614-54340328	0.11;11.84;3.81																									0.660	0.755	12:54332533-54332628	G-rich	12:54333443-54333500	GC_rich												32.88	0.219337255344299	0.589158254991908	0.643851210536282	2.62003578878246	2.62980983559668					142976			yes			4.2048e-01	3.7936e-01	0.9	1A (cf Gene_count, RE_gene, +0.00);2C-1 (HOXC13, +0.90);3A (2 genes, +0.00);5F (+0.00)	4
12_54332476_54333527_DEL_1	12	54332476	54333527	-1051	DEL	165913	165914	deletion	2	54332476	54333527	12	chr12:54332476-54333527	5.1	98	64	0.653	NA	split	q13.13	HOXC13		NM_017410	54332614	54340328	913	736	74	yes	2	txStart-intron1	5'UTR-CDS	101	5'	54332614	54333527																																																																	32.88	0.219337255344299	0.589158254991908	0.643851210536282	2.62003578878246	2.62980983559668	ectodermal dysplasia 9, hair/nail type;pure hair and nail ectodermal dysplasia	AD;AR	Definitive;Strong;Supportive	23063621;23063621[PMID];23315978;23461661;9420327	142976	Ectodermal dysplasia 9, hair/nail type, 614931 (3) AR	AR	yes		3	4.2048e-01	3.7936e-01			full=4
12_54332476_54333527_DEL_1	12	54332476	54333527	-1051	DEL	165913	165914	deletion	2	54332476	54333527	12	chr12:54332476-54333527	5.1	98	64	0.653	NA	split	q13.13	HOXC13-AS		NR_047507	54329111	54333427	951	0	0	no	3	txStart-intron1	UTR	778	5'	54332476	54333427																																																																																					full=4
15_73612100_73616694_DEL_1	15	73612100	73616694	-4594	DEL	200096	200097	deletion	2	73612100	73616694	15	chr15:73612100-73616694	5.87	187	134	0.717	NA	full	q24.1	HCN4	1																														dbVar:nssv15125410;dbVar:nssv15132157;dbVar:nssv15145445;dbVar:nssv15146047;dbVar:nssv15146968;dbVar:nssv15147575;dbVar:nssv15147594;dbVar:nssv15148445;dbVar:nssv15148989;dbVar:nssv15149616;dbVar:nssv15150618;nssv15150717;dbVar:nssv15151655;dbVar:nssv15155456;dbVar:nssv15172190;dbVar:nssv15172447;dbVar:nssv15775911	15:20016811-102493540;15:20063340-102521392;15:20071673-102461162;15:20733395-102511616;15:22770422-102429112;15:31115047-102354857;15:41745084-102354798;15:59297293-102480888;15:60120659-102461201;15:64637227-102509910;15:71329220-102270758;15:72447290-102461201;15:72921369-75535330;15:72932964-75569658;15:72963271-76064900;15:72998989-76069787	0.01;0.02;0.15;0.17;0.18	15q24 recurrent region (LCR A-LCR C);15q24 recurrent region (LCR A-LCR D) (includes SIN3A);Brugada syndrome 8, 613123 (3);Sick sinus syndrome 2, 163800 (3) AD;Epilepsy, idiopathic generalized, susceptibility to, 18, 619521 (3) AD		HI3:ISCA-37396;HI3:ISCA-46296;dbVar:nssv15124111;nssv15151686;dbVar:nssv15127602;dbVar:nssv15127755;dbVar:nssv15132571;dbVar:nssv15137099;dbVar:nssv15139058;dbVar:nssv15142430;nssv16208428;dbVar:nssv15145986;dbVar:nssv15146220;dbVar:nssv15148167;dbVar:nssv15155457;dbVar:nssv15772653;dbVar:nssv15773243;dbVar:nssv16255516;dbVar:nssv17972340;dbVar:nssv17974119;morbid:HCN4	15:23622526-102521392;15:29209620-102521392;15:69122913-74115678;15:70268937-74098081;15:70317639-78998335;15:72103084-74244178;15:72926922-75544524;15:72943184-75544524;15:72943184-75567198;15:72943184-76072324;15:72958539-75569605;15:72963715-75508312;15:72963715-75972909;15:72963970-75492144;15:72963970-75535330;15:72963970-75954617;15:72977572-76019966;15:72978569-75722716;15:73612199-73661299	0.01;0.05;0.09;0.12;0.15;0.17;0.18;0.21;9.15																									0.575	0.630																29.52	1.18371351757261	1.11454704958252	1.30104400675388	2.44259446524021	4.73593668891676					605206			yes	yes		9.9867e-01	2.3460e-01	0.9	1A (cf Gene_count, RE_gene, +0.00);2D-4 (HCN4, +0.90);3A (1 gene, +0.00);5F (+0.00)	4
15_73612100_73616694_DEL_1	15	73612100	73616694	-4594	DEL	200096	200097	deletion	2	73612100	73616694	15	chr15:73612100-73616694	5.87	187	134	0.717	NA	split	q24.1	HCN4		NM_005477	73612199	73661299	4495	1634	45	yes	8	intron6-txEnd	CDS-3'UTR	100	3'	73612199	73616694																																																																	29.52	1.18371351757261	1.11454704958252	1.30104400675388	2.44259446524021	4.73593668891676	Brugada syndrome 1;Brugada syndrome 8;familial sick sinus syndrome;familial thoracic aortic aneurysm and aortic dissection;sick sinus syndrome 2, autosomal dominant	AD	Disputed Evidence;Limited;Moderate;Strong;Supportive	NULL	605206	Brugada syndrome 8, 613123 (3);Sick sinus syndrome 2, 163800 (3) AD;(Epilepsy, idiopathic generalized, susceptibility to, 18), 619521 (3) AD	AD	yes	yes	0	9.9867e-01	2.3460e-01			full=4
15_74486629_74488116_DEL_1	15	74486629	74488116	-1487	DEL	200238	200240	deletion	3	74486629	74488116	15	chr15:74486629-74488116	5.72	146	101	0.692	NA	full	q24.1	STRA6	1															CYP11A1 (morbid/RE=EA_enhancer);PML (morbid/RE=EA_enhancer)															dbVar:nssv15125410;dbVar:nssv15132157;dbVar:nssv15145445;dbVar:nssv15146047;dbVar:nssv15146968;dbVar:nssv15147575;dbVar:nssv15147594;dbVar:nssv15148445;dbVar:nssv15148989;dbVar:nssv15149616;dbVar:nssv15150618;nssv15150717;dbVar:nssv15151655;dbVar:nssv15155456;dbVar:nssv15159753;dbVar:nssv15172190;dbVar:nssv15172447;dbVar:nssv15775911	15:20016811-102493540;15:20063340-102521392;15:20071673-102461162;15:20733395-102511616;15:22770422-102429112;15:31115047-102354857;15:41745084-102354798;15:59297293-102480888;15:60120659-102461201;15:64637227-102509910;15:71329220-102270758;15:72447290-102461201;15:72921369-75535330;15:72932964-75569658;15:72963271-76064900;15:72998989-76069787;15:74363850-78170640	0.00;0.04;0.05;0.06	15q24 recurrent region (LCR A-LCR C);15q24 recurrent region (LCR A-LCR D) (includes SIN3A);Microphthalmia, isolated, with coloboma 8, 601186 (3) AR;Microphthalmia, syndromic 9, 601186 (3) AR		HI3:ISCA-37396;HI3:ISCA-46296;dbVar:nssv15124111;nssv15151686;dbVar:nssv15126059;dbVar:nssv15127602;dbVar:nssv15127755;dbVar:nssv15137099;dbVar:nssv15139058;dbVar:nssv15142430;nssv16208428;dbVar:nssv15145986;dbVar:nssv15146220;dbVar:nssv15148167;dbVar:nssv15155457;dbVar:nssv15772653;dbVar:nssv15773243;dbVar:nssv16255517;dbVar:nssv17974119;morbid:STRA6	15:23622526-102521392;15:29209620-102521392;15:70317639-78998335;15:72926922-75544524;15:72943184-75544524;15:72943184-75567198;15:72943184-76072324;15:72958539-75569605;15:72963715-75508312;15:72963715-75972909;15:72963970-75492144;15:72963970-75535330;15:72963970-75954617;15:72977572-76019966;15:72978569-75722716;15:74398162-76054094;15:74399305-76040549;15:74486728-74501371	0.00;0.02;0.05;0.06;0.09;9.48	3	Matthew-Wood_syndrome																							0.485	0.385			15:74487913-74488109;15:74488111-74488198	MIRb;MIRb												71.53	1.47861427203473	-0.0683355993297921	0.341419467076612	-2.15414896837017	-0.760394787393182					610745			yes			1.5068e-10	3.2459e-08	0.9	1A (cf Gene_count, RE_gene, +0.00);2E-1 (STRA6, +0.90);3A (1 gene, +0.00);5F (+0.00)	4
15_74486629_74488116_DEL_1	15	74486629	74488116	-1487	DEL	200238	200240	deletion	3	74486629	74488116	15	chr15:74486629-74488116	5.72	146	101	0.692	NA	split	q24.1	STRA6		NM_001199042	74471807	74495128	1487	191	9	yes	19	intron5-intron7	CDS	100	3'	74486629	74488116																								3	Matthew-Wood_syndrome																																								71.53	1.47861427203473	-0.0683355993297921	0.341419467076612	-2.15414896837017	-0.760394787393182	Matthew-Wood syndrome;microphthalmia, isolated, with coloboma	AD;AR	Definitive;Strong;Supportive	11857549;17273977;17503335;17503335[PMID];19213032;19839040;21901792;21901792[PMID];25457163;26373900;30880327	610745	Microphthalmia, isolated, with coloboma 8, 601186 (3) AR;Microphthalmia, syndromic 9, 601186 (3) AR	AR	yes		4	1.5068e-10	3.2459e-08			full=4
3_126745128_126747283_DEL_1	3	126745128	126747283	-2155	DEL	58032	58034	deletion	3	126745128	126747283	3	chr3:126745128-126747283	5.88	195	141	0.723	NA	full	q21.3	PLXNA1	1																														dbVar:nssv15148025;dbVar:nssv15148953;dbVar:nssv15149891;nssv15151839;dbVar:nssv15162889;dbVar:nssv15164144	3:103145726-197837049;3:60174-197948027;3:61495-197838262;3:61892-197851986;3:93519464-145413168	0.00	Dworschak-Punetha neurodevelopmental syndrome, 619955 (3) AR		dbVar:nssv15136463;dbVar:nssv15137137;dbVar:nssv17649862;dbVar:nssv17649942;dbVar:nssv17973750;morbid:PLXNA1	3:112339824-128452977;3:120154188-128324987;3:120365818-133465047;3:123000000-129700000;3:126516263-128665466;3:126707436-126756235	0.01;0.02;0.03;0.10;4.42			gnomAD-SV_v2.1_DUP_3_9640	3:126717999-126769000	0.2222												gnomAD-SV_v2.1_DUP_3_9640;gnomAD-SV_v2.1_DUP_3_9642	3:126717999-126769000;3:126746249-126753000							0.610	0.680	3:126745175-126745278	MIRb														57.55	1.20674210291898	0.501830977504037	0.854670815404557	0.247833167434441	5.09129053683187					601055			yes			9.9951e-01	1.0000e+00	0.9	1A (cf Gene_count, RE_gene, +0.00);2E-1 (PLXNA1, +0.90);3A (1 gene, +0.00);5F (+0.00)	4
3_126745128_126747283_DEL_1	3	126745128	126747283	-2155	DEL	58032	58034	deletion	3	126745128	126747283	3	chr3:126745128-126747283	5.88	195	141	0.723	NA	split	q21.3	PLXNA1		NM_032242	126707436	126756235	2155	307	5	yes	31	intron22-intron24	CDS	100	5'	126745128	126747283																										gnomAD-SV_v2.1_DUP_3_9640	3:126717999-126769000	0.2222																																					57.55	1.20674210291898	0.501830977504037	0.854670815404557	0.247833167434441	5.09129053683187					601055	Dworschak-Punetha neurodevelopmental syndrome, 619955 (3) AR	AR	yes		0	9.9951e-01	1.0000e+00			full=4
4_1807678_1808761_DEL_1	4	1807678	1808761	-1083	DEL	63992	63995	deletion	4	1807678	1808761	4	chr4:1807678-1808761	6.09	337	257	0.763	NA	full	p16.3	FGFR3	1																														dbVar:nssv15124412;dbVar:nssv15125120;dbVar:nssv15130095;dbVar:nssv15132087;dbVar:nssv15132150;dbVar:nssv15132302;dbVar:nssv15132411;dbVar:nssv15132589;dbVar:nssv15133497;dbVar:nssv15136789;dbVar:nssv15142189;dbVar:nssv15145847;dbVar:nssv15146379;dbVar:nssv15146614;dbVar:nssv15146983;dbVar:nssv15146984;dbVar:nssv15147407;dbVar:nssv15148043;dbVar:nssv15148117;dbVar:nssv15148693;dbVar:nssv15149137;dbVar:nssv15149870;nssv15151360;dbVar:nssv15150634;dbVar:nssv15150724;dbVar:nssv15151365;dbVar:nssv15153559;dbVar:nssv15164281;dbVar:nssv15164282;dbVar:nssv15164312;dbVar:nssv15165478;dbVar:nssv15165480;dbVar:nssv15777261;dbVar:nssv16207938;dbVar:nssv16215300;dbVar:nssv16254944;dbVar:nssv16255833;dbVar:nssv17649922	4:11525-191028879;4:12440-190904441;4:12440-49064044;4:127233-8667610;4:1356924-49659859;4:1420948-1836794;4:1737488-1808653;4:1770486-2303110;4:33574-6632513;4:36424-4098729;4:36424-47493612;4:49450-190915650;4:49450-190963766;4:49450-46339070;4:49450-49620898;4:51413-17799819;4:51413-3776843;4:51413-8224525;4:614355-2959936;4:68345-2503033;4:68345-27423424;4:68345-3713599;4:68345-4051616;4:68345-49089361;4:68345-66440622;4:68345-8731855;4:68346-190957473;4:69671-29702595;4:72447-21024037;4:72447-33132242;4:72447-3848881;4:72447-39478764;4:72447-5608810;4:78470-15627196;4:85040-22451641;4:85040-38701987;4:85040-4597934	0.00;0.01;0.02;0.03;0.04;0.05;0.20;0.26;1.37	4p16.3 terminal (Wolf-Hirschhorn syndrome) region;Achondroplasia, 100800 (3) AD;Bladder cancer, somatic, 109800 (3);CATSHL syndrome, 610474 (3) AR,AD;Cervical cancer, somatic, 603956 (3);Colorectal cancer, somatic, 114500 (3);Crouzon syndrome with acanthosis nigricans, 612247 (3) AD;Hypochondroplasia, 146000 (3) AD;LADD syndrome, 149730 (3) AD;Muenke syndrome, 602849 (3) AD;Nevus, epidermal, somatic, 162900 (3);SADDAN, 616482 (3) AD;Spermatocytic seminoma, somatic, 273300 (3);Thanatophoric dysplasia, type I, 187600 (3) AD;Thanatophoric dysplasia, type II, 187601 (3) AD		HI3:ISCA-37429;dbVar:nssv15119845;dbVar:nssv15119851;dbVar:nssv15121022;dbVar:nssv15121023;dbVar:nssv15121032;dbVar:nssv15121033;dbVar:nssv15121034;dbVar:nssv15121217;dbVar:nssv15121218;dbVar:nssv15121687;dbVar:nssv15123439;dbVar:nssv15124520;dbVar:nssv15124924;dbVar:nssv15127349;dbVar:nssv15129769;dbVar:nssv15131910;dbVar:nssv15132407;dbVar:nssv15132408;dbVar:nssv15132580;nssv15140019;dbVar:nssv15132953;dbVar:nssv15133489;dbVar:nssv15133490;dbVar:nssv15133634;dbVar:nssv15134095;dbVar:nssv15134794;dbVar:nssv15134826;dbVar:nssv15135086;dbVar:nssv15135107;dbVar:nssv15136460;dbVar:nssv15136794;dbVar:nssv15137532;dbVar:nssv15138769;dbVar:nssv15138802;dbVar:nssv15138820;nssv16207940;dbVar:nssv15139111;dbVar:nssv15139152;dbVar:nssv15139308;dbVar:nssv15139309;dbVar:nssv15140532;dbVar:nssv15141218;dbVar:nssv15145893;dbVar:nssv15145934;dbVar:nssv15146272;dbVar:nssv15146276;dbVar:nssv15146364;dbVar:nssv15146661;dbVar:nssv15146665;dbVar:nssv15146669;dbVar:nssv15146716;dbVar:nssv15146789;dbVar:nssv15146961;dbVar:nssv15147286;dbVar:nssv15147322;dbVar:nssv15147405;dbVar:nssv15148266;dbVar:nssv15149902;dbVar:nssv15150277;dbVar:nssv15150501;dbVar:nssv15151109;dbVar:nssv15151269;dbVar:nssv15152168;dbVar:nssv15153560;dbVar:nssv15164280;dbVar:nssv15605891;dbVar:nssv15606061;dbVar:nssv16207937;dbVar:nssv16207939;dbVar:nssv16207941;dbVar:nssv16207942;dbVar:nssv16208663;dbVar:nssv16254943;dbVar:nssv16254952;dbVar:nssv16254953;dbVar:nssv16867405;dbVar:nssv17173143;dbVar:nssv17649921;dbVar:nssv17956854;dbVar:nssv17971903;dbVar:nssv17972432;dbVar:nssv8639431;morbid:FGFR3	4:1190911-2255904;4:1228528-2862002;4:129753-9371067;4:1305802-2460571;4:1619775-2181192;4:1701018-1975031;4:1784694-1919793;4:1795038-1810599;4:29214-1925508;4:331568-2010962;4:33574-2356516;4:33574-4534781;4:36424-1957819;4:36424-3267258;4:36424-3883057;4:36424-3975771;4:36424-7361544;4:36424-9371067;4:37336-15870679;4:37336-3776839;4:37336-9370984;4:388344-3872380;4:44020-19796182;4:493125-2065854;4:493125-2886413;4:49450-2010397;4:49450-24280482;4:49450-8872474;4:507005-2214932;4:56772-14501384;4:56772-2214932;4:56772-3872380;4:68345-10312798;4:68345-10336032;4:68345-13770107;4:68345-14614077;4:68345-15973383;4:68345-1999185;4:68345-20387231;4:68345-20587167;4:68345-2137211;4:68345-2786584;4:68345-3891984;4:68345-4044985;4:68345-5046326;4:68345-5319773;4:68345-5831521;4:68345-6056753;4:68345-6984507;4:68345-8731855;4:68345-9768141;4:68598-18912995;4:71552-15302739;4:71552-29006745;4:72447-10252290;4:72447-12900236;4:72447-15659658;4:72447-17279636;4:72447-2110334;4:72447-2327204;4:72447-2691306;4:72447-28067931;4:72447-3208040;4:72447-3563382;4:72447-3725774;4:72447-3787112;4:72447-4360445;4:72447-4889835;4:72447-5036718;4:72447-5214111;4:72447-5346537;4:72447-6245152;4:72447-7831152;4:75742-8672411;4:78470-10337237;4:78470-3364946;4:85040-17488365;4:85040-1921232;4:85040-2010262;4:85040-4407509;4:85040-7065426;4:85040-7845343	0.00;0.01;0.02;0.03;0.04;0.05;0.06;0.07;0.09;0.10;0.19;0.40;0.80;6.96	6	Achondroplasia;Camptodactyly-tall_stature-scoliosis-hearing_loss_syndrome;Cancer_of_cervix;Carcinoma;Carcinoma_of_colon;Crouzon_syndrome-acanthosis_nigricans_syndrome;Epidermal_nevus;FGFR3-related_disorder;Hypochondroplasia;Levy-Hollister_syndrome;Malignant_tumor_of_testis;Malignant_tumor_of_urinary_bladder;Muenke_syndrome;Multiple_myeloma;SEVERE_ACHONDRODYSPLASIA_WITH_DEVELOPMENTAL_DELAY_AND_ACANTHOSIS_NIGRICANS;Severe_achondroplasia-developmental_delay-acanthosis_nigricans_syndrome;Spermatocytic_seminoma;Thanatophoric_dysplasia,_type_2;Thanatophoric_dysplasia_type_1	gnomAD-SV_v2.1_DUP_4_10946	4:1800999-1809100	0.0270												gnomAD-SV_v2.1_DUP_4_10946	4:1800999-1809100							0.680	0.720																6.4	-0.683349552436101	-0.392116289350703	-0.538573860699497	-2.22163439002498	1.36559781959522					134934			yes			1.6432e-05	2.9091e-03	0.45	1A (cf Gene_count, RE_gene, +0.00);2E-2 (FGFR3, +0.45);3A (1 gene, +0.00);5F (+0.00)	3
4_1807678_1808761_DEL_1	4	1807678	1808761	-1083	DEL	63992	63995	deletion	4	1807678	1808761	4	chr4:1807678-1808761	6.09	337	257	0.763	NA	split	p16.3	FGFR3		NM_000142	1795019	1810594	1083	438	18	no	18	intron13-intron17	CDS	11	5'	1807678	1808761																								6	Achondroplasia;Camptodactyly-tall_stature-scoliosis-hearing_loss_syndrome;Cancer_of_cervix;Carcinoma;Carcinoma_of_colon;Crouzon_syndrome-acanthosis_nigricans_syndrome;Epidermal_nevus;FGFR3-related_disorder;Hypochondroplasia;Levy-Hollister_syndrome;Malignant_tumor_of_testis;Malignant_tumor_of_urinary_bladder;Muenke_syndrome;Multiple_myeloma;SEVERE_ACHONDRODYSPLASIA_WITH_DEVELOPMENTAL_DELAY_AND_ACANTHOSIS_NIGRICANS;Severe_achondroplasia-developmental_delay-acanthosis_nigricans_syndrome;Spermatocytic_seminoma;Thanatophoric_dysplasia,_type_2;Thanatophoric_dysplasia_type_1	gnomAD-SV_v2.1_DUP_4_10946	4:1800999-1809100	0.0270																																			0	0	6.4	-0.683349552436101	-0.392116289350703	-0.538573860699497	-2.22163439002498	1.36559781959522	Crouzon syndrome-acanthosis nigricans syndrome;LADD syndrome;Muenke syndrome;achondroplasia;camptodactyly-tall stature-scoliosis-hearing loss syndrome;hypochondroplasia;isolated brachycephaly;isolated plagiocephaly;severe achondroplasia-developmental delay-acanthosis nigricans syndrome;thanatophoric dysplasia type 1;thanatophoric dysplasia type 2	AD;AR	Definitive;Moderate;Strong;Supportive	10053006[PMID]_18076102[PMID];10215410;10914960[PMID];11055896;16411219;16501574;16501574[PMID];16912704;17033969;17033969[PMID]_24864036[PMID];19449430;20301540[PMID];20301588[PMID]_20301628[PMID]_21438135[PMID];20301628[PMID];20301650[PMID]_23149434[PMID];23149434[PMID];27139183;28483234;7493034;7647778;7670477;7758520;7773297;7913883;8078586;8589686;8845844;9452043	134934	Achondroplasia, 100800 (3) AD;Bladder cancer, somatic, 109800 (3);CATSHL syndrome, 610474 (3) AR,AD;Cervical cancer, somatic, 603956 (3);Colorectal cancer, somatic, 114500 (3);Crouzon syndrome with acanthosis nigricans, 612247 (3) AD;Hypochondroplasia, 146000 (3) AD;LADD syndrome, 149730 (3) AD;Muenke syndrome, 602849 (3) AD;Nevus, epidermal, somatic, 162900 (3);SADDAN, 616482 (3) AD;Spermatocytic seminoma, somatic, 273300 (3);Thanatophoric dysplasia, type I, 187600 (3) AD;Thanatophoric dysplasia, type II, 187601 (3) AD	AD;AR,AD	yes		3	1.6432e-05	2.9091e-03			full=3
9_140055408_140057291_DEL_1	9	140055408	140057291	-1883	DEL	132859	132864	deletion	6	140055408	140057291	9	chr9:140055408-140057291	7.69	218	154	0.706	NA	full	q34.3	GRIN1	1															ABCA2 (morbid/RE=EA_enhancer);AGPAT2 (morbid/RE=EA_enhancer);EHMT1 (HI=3/morbid/RE=EA_enhancer);MAN1B1 (morbid/RE=EA_enhancer);SLC34A3 (morbid/RE=EA_enhancer);TPRN (morbid/RE=EA_enhancer);TUBB4B (morbid/RE=EA_enhancer)															dbVar:nssv15121974;dbVar:nssv15125773;dbVar:nssv15128159;dbVar:nssv15128892;dbVar:nssv15134585;dbVar:nssv15137654;dbVar:nssv15137945;dbVar:nssv15139274;dbVar:nssv15142341;dbVar:nssv15145674;dbVar:nssv15145918;dbVar:nssv15146171;nssv15147961;nssv15148277;dbVar:nssv15146330;dbVar:nssv15146549;dbVar:nssv15146707;dbVar:nssv15146780;nssv15152141;dbVar:nssv15146972;dbVar:nssv15147428;dbVar:nssv15147470;dbVar:nssv15147958;dbVar:nssv15148017;dbVar:nssv15148019;dbVar:nssv15148176;dbVar:nssv15148219;dbVar:nssv15148776;dbVar:nssv15150481;dbVar:nssv15150554;dbVar:nssv15153083;dbVar:nssv15153764;dbVar:nssv15168486;dbVar:nssv15168487;dbVar:nssv15168488;dbVar:nssv15169725;dbVar:nssv15775708;dbVar:nssv15777263;dbVar:nssv17970351	9:10590-141107672;9:10590-141114095;9:10590-141122247;9:122644898-141012393;9:123835380-141073897;9:123874673-140969676;9:124642754-141146461;9:125554937-141018984;9:128652785-141044751;9:12934-141153431;9:131830839-141073897;9:133388594-141018984;9:135105971-141020389;9:135261940-140954147;9:135862290-141008915;9:136324358-141053525;9:136783193-141053525;9:136861349-141018976;9:137091194-141033187;9:137149486-140468865;9:138275621-141020389;9:138596626-141020389;9:163131-141122114;9:203861-141020388;9:203861-141020389;9:203862-141020389;9:204090-141018976;9:204104-141053525;9:204193-141073897;9:214367-141008915;9:353349-141020389;9:46587-141066491;9:62525-141006407;9:68420641-141053525;9:71069743-140999928;9:71416475-141020389	0.00;0.01;0.02;0.03;0.04;0.05;0.06;0.07;0.08	Developmental and epileptic encephalopathy 101, 619814 (3) AR;Neurodevelopmental disorder with or without hyperkinetic movements and seizures, AD, 614254 (3) AD;Neurodevelopmental disorder with or without hyperkinetic movements and seizures, AR, 617820 (3) AR		dbVar:nssv15120703;dbVar:nssv15121182;dbVar:nssv15132476;nssv15139731;dbVar:nssv15132683;dbVar:nssv15132931;dbVar:nssv15137953;dbVar:nssv15139813;dbVar:nssv15141214;dbVar:nssv15169560;dbVar:nssv16214707;dbVar:nssv16214709;dbVar:nssv16216873;dbVar:nssv16296996;dbVar:nssv16865893;dbVar:nssv16867399;dbVar:nssv17969386;dbVar:nssv17969388;dbVar:nssv17969390;morbid:GRIN1	9:137320520-141049374;9:137816459-141114095;9:138209358-141020389;9:138222049-141018925;9:138225001-141015001;9:138343862-140508190;9:138645763-140729425;9:138740078-141020389;9:139018777-141018984;9:139218428-140909058;9:139218428-141018984;9:139282807-141020389;9:139284464-141018984;9:139764148-141066491;9:139772224-141018976;9:139821027-141008915;9:140033605-140063208;9:140033919-140729425;9:140043049-141020389	0.05;0.06;0.07;0.08;0.09;0.10;0.11;0.14;0.15;0.16;0.19;0.27;6.36	21	GRIN1-Related_Disorder;Inborn_genetic_diseases;Intellectual_disability;Intellectual_disability,_autosomal_dominant_8;Seizure																							0.690	0.670																45.24	0.311370755491079	-0.691245556139264	-0.409498197281091	2.59897126616181	8.13119799759178					138249			yes			9.7629e-01	9.7271e-01	0.45	1A (cf Gene_count, RE_gene, +0.00);2E-2 (GRIN1, +0.45);3A (1 gene, +0.00);5F (+0.00)	3
9_140055408_140057291_DEL_1	9	140055408	140057291	-1883	DEL	132859	132864	deletion	6	140055408	140057291	9	chr9:140055408-140057291	7.69	218	154	0.706	NA	split	q34.3	GRIN1		NM_000832	140033605	140063208	1883	816	30	no	19	intron8-intron14	CDS	6	3'	140055408	140057291																								21	GRIN1-Related_Disorder;Inborn_genetic_diseases;Intellectual_disability;Intellectual_disability,_autosomal_dominant_8;Seizure																																								45.24	0.311370755491079	-0.691245556139264	-0.409498197281091	2.59897126616181	8.13119799759178	autosomal dominant non-syndromic intellectual disability;complex neurodevelopmental disorder;intellectual disability, autosomal dominant 8;neurodevelopmental disorder with or without hyperkinetic movements and seizures, autosomal recessive	AD;AR	Definitive;Moderate;Supportive	21376300[PMID]	138249	Developmental and epileptic encephalopathy 101, 619814 (3) AR;Neurodevelopmental disorder with or without hyperkinetic movements and seizures, AD, 614254 (3) AD;Neurodevelopmental disorder with or without hyperkinetic movements and seizures, AR, 617820 (3) AR	AD;AR	yes		1	9.7629e-01	9.7271e-01			full=3
1_6523032_6524879_DEL_1	1	6523032	6524879	-1847	DEL	1424	1429	deletion	6	6523032	6524879	1	chr1:6523032-6524879	9.52	301	216	0.718	NA	full	p36.31	TNFRSF25	1															CAMTA1 (HI=3/morbid/RE=EA_enhancer);CHD5 (morbid/RE=EA_enhancer);ESPN (morbid/RE=EA_enhancer);NPHP4 (morbid/RE=EA_enhancer);PLEKHG5 (morbid/RE=EA_enhancer)															dbVar:nssv15149867;nssv15151118;dbVar:nssv15156967;dbVar:nssv15156970	1:47851-249228449;1:82154-249218992;1:849467-249224684	0.00			dbVar:nssv15121970;dbVar:nssv15124188;dbVar:nssv15124731;dbVar:nssv15127013;dbVar:nssv15127106;dbVar:nssv15128030;dbVar:nssv15141059;dbVar:nssv15145724;dbVar:nssv15145727;dbVar:nssv15145833;dbVar:nssv15145839;dbVar:nssv15145914;dbVar:nssv15146001;dbVar:nssv15146216;dbVar:nssv15146222;dbVar:nssv15147021;dbVar:nssv15147183;dbVar:nssv15147184;dbVar:nssv15147373;dbVar:nssv15147485;dbVar:nssv15147534;dbVar:nssv15147705;dbVar:nssv15147976;dbVar:nssv15148168;dbVar:nssv15148218;dbVar:nssv15148223;dbVar:nssv15148632;dbVar:nssv15148835;dbVar:nssv15148969;dbVar:nssv15148972;dbVar:nssv15149099;dbVar:nssv15150640;dbVar:nssv15151888;dbVar:nssv15156372;dbVar:nssv15156679;dbVar:nssv15156716;dbVar:nssv15156969;dbVar:nssv15605942;dbVar:nssv15755176;dbVar:nssv15755708;dbVar:nssv15755716;dbVar:nssv16208786;dbVar:nssv16216885;dbVar:nssv17956141;dbVar:nssv17972324;dbVar:nssv17974858	1:14874-7527302;1:14874-8845386;1:2761325-8068000;1:2785042-7392629;1:2793822-7510850;1:2922757-18015429;1:3388727-7903007;1:3657629-9018919;1:4558588-13187457;1:47851-6659872;1:4958499-12971757;1:4958499-13178528;1:4965631-8106987;1:5270319-8576813;1:5423886-18686796;1:554375-9779842;1:564405-8597804;1:564424-7068738;1:5923325-6537631;1:6363701-16125588;1:6485016-6537631;1:746608-15077159;1:757093-7060898;1:762080-7309686;1:779727-12530188;1:779727-6537496;1:779727-6976647;1:779727-7930605;1:779727-8231974;1:779733-6537534;1:794595-8807706;1:82154-11784118;1:82154-12699337;1:82154-7637060;1:82154-7936272;1:823964-6828363;1:834101-7871366;1:837491-9616363;1:846680-9389984;1:849466-17525065;1:849466-7305595;1:849466-7637060;1:849466-7786545;1:849466-8901938;1:849466-9627180;1:885378-6635005	0.01;0.02;0.03;0.04;0.06;0.30;3.51																									0.645	0.535																71.65	-0.11056019220228	0.451624089682139	0.305475865395656	1.05578760879361	1.45066767555103											8.6475e-03	4.4874e-01	0.0	1A (cf Gene_count, RE_gene, +0.00);2B (cf po_P_loss_source, HI and OMIM_morbid, +0.00);3A (1 gene, +0.00);5F (+0.00)	3
1_6523032_6524879_DEL_1	1	6523032	6524879	-1847	DEL	1424	1429	deletion	6	6523032	6524879	1	chr1:6523032-6524879	9.52	301	216	0.718	NA	split	p36.31	TNFRSF25		NM_148965	6521213	6526255	1847	330	25	no	10	intron3-intron6	CDS	2	3'	6523032	6524879																																																																	71.65	-0.11056019220228	0.451624089682139	0.305475865395656	1.05578760879361	1.45066767555103										3	8.6475e-03	4.4874e-01			full=3
12_22696895_22697552_DEL_1	12	22696895	22697552	-657	DEL	162594	162596	deletion	3	22696895	22697552	12	chr12:22696895-22697552	6.75	122	78	0.639	NA	full	p12.1	C2CD5	1																														dbVar:nssv15125995;dbVar:nssv15129039;dbVar:nssv15140853;dbVar:nssv15145922;dbVar:nssv15146010;nssv15154626;nssv15155403;nssv17969493;dbVar:nssv15146481;dbVar:nssv15146543;dbVar:nssv15146544;dbVar:nssv15146700;dbVar:nssv15147501;dbVar:nssv15147863;dbVar:nssv15149123;dbVar:nssv15149133;dbVar:nssv15150627;dbVar:nssv15150645;dbVar:nssv15152338;dbVar:nssv15161414;nssv15161422;dbVar:nssv15161620;dbVar:nssv15161798;dbVar:nssv15171851;dbVar:nssv15171852;dbVar:nssv15171855;dbVar:nssv15772258;dbVar:nssv16208328;dbVar:nssv17969491;dbVar:nssv17969494;dbVar:nssv17969510	12:1-133851895;12:148034-34178799;12:148375-37864477;12:173786-25286865;12:173786-28219229;12:173786-34496628;12:173786-34835837;12:173786-37869107;12:173786-37869301;12:173787-133777902;12:17884992-26704895;12:18037107-26681362;12:189578-34756150;12:191619-133777645;12:191619-31733044;12:22288791-27568673;12:274676-37869301;12:282465-133773393;12:282465-25623263;12:282465-34533111;12:282465-34756196;12:282465-34756209;12:282465-34761006;12:322142-34079848;12:565369-34835837;12:621220-133779118;12:89061-34178799	0.00;0.01			dbVar:nssv15133937;dbVar:nssv15134320;dbVar:nssv15773534;dbVar:nssv16091738;dbVar:nssv16254855	12:16141429-27733325;12:19418268-25635523;12:19448782-27165493;12:21582333-24920271;12:22602778-25225668	0.01;0.02;0.03																									0.670	0.630																16.57	-0.409980839215922	1.1256805084045	0.540683938932094	-0.596822425606012	2.6947443402456											9.7333e-12	8.6948e-07	0.0	1A (cf Gene_count, RE_gene, +0.00);2B (cf po_P_loss_source, HI and OMIM_morbid, +0.00);3A (1 gene, +0.00);5F (+0.00)	3
12_22696895_22697552_DEL_1	12	22696895	22697552	-657	DEL	162594	162596	deletion	3	22696895	22697552	12	chr12:22696895-22697552	6.75	122	78	0.639	NA	split	p12.1	C2CD5		NM_001286173	22601479	22697480	585	90	2	no	28	txStart-intron2	5'UTR-CDS	99	5'	22696895	22697480																																																																	16.57	-0.409980839215922	1.1256805084045	0.540683938932094	-0.596822425606012	2.6947443402456										3	9.7333e-12	8.6948e-07			full=3
12_49658764_49659067_DEL_1	12	49658764	49659067	-303	DEL	164556	164557	deletion	2	49658764	49659067	12	chr12:49658764-49659067	5.44	51	24	0.471	NA	full	q13.12	TUBA1C	1																														dbVar:nssv15161414;nssv15161422;dbVar:nssv15161620;dbVar:nssv15161798;dbVar:nssv15171852;dbVar:nssv15171855;dbVar:nssv17969524;dbVar:nssv8639990	12:1-133851895;12:173787-133777902;12:191619-133777645;12:282465-133773393;12:31886971-50360461;12:37857750-49791459;12:621220-133779118	0.00																														0.720	0.695	12:49658574-49658665	CT-rich														25.79	-0.228667744109485	0.659045220943218	0.341770013363577	1.36960451891922	4.16615037655272											7.4331e-03	8.4015e-01	0.0	1A (cf Gene_count, RE_gene, +0.00);3A (1 gene, +0.00);5F (+0.00)	3
12_49658764_49659067_DEL_1	12	49658764	49659067	-303	DEL	164556	164557	deletion	2	49658764	49659067	12	chr12:49658764-49659067	5.44	51	24	0.471	NA	split	q13.12	TUBA1C		NM_032704	49658864	49668383	203	3	0	no	4	txStart-intron1	5'UTR-CDS	100	5'	49658864	49659067																																																																	25.79	-0.228667744109485	0.659045220943218	0.341770013363577	1.36960451891922	4.16615037655272										4	7.4331e-03	8.4015e-01			full=3
12_100552357_100553081_DEL_1	12	100552357	100553081	-724	DEL	169808	169811	deletion	4	100552357	100553081	12	chr12:100552357-100553081	6.9	97	57	0.588	NA	full	q23.1	GOLGA2P5	1															SCYL2 (morbid/RE=EA_enhancer)															dbVar:nssv15121967;dbVar:nssv15135731;dbVar:nssv15137772;dbVar:nssv15152337;dbVar:nssv15161414;nssv15161422;dbVar:nssv15161620;dbVar:nssv15161798;dbVar:nssv15171852;dbVar:nssv15171855;dbVar:nssv15172655	12:1-133851895;12:100472357-100667758;12:173787-133777902;12:191619-133777645;12:282465-133773393;12:621220-133779118;12:91438095-109571015;12:94881995-103635998;12:96719383-101537641;12:97788328-101804003	0.00;0.01;0.02;0.37																														0.540	0.625	12:100551977-100552269;12:100552271-100552468	AluSg7;7SLRNA	12:100553147-100553630	LTR22C																														0.0	1A (cf Gene_count, RE_gene, +0.00);3A (1 gene, +0.00);5F (+0.00)	3
12_100552357_100553081_DEL_1	12	100552357	100553081	-724	DEL	169808	169811	deletion	4	100552357	100553081	12	chr12:100552357-100553081	6.9	97	57	0.588	NA	split	q23.1	GOLGA2P5		NR_036632	100550174	100567121	724	0	0	no	10	intron4-intron6	UTR	100	3'	100552357	100553081																																																																																					full=3
14_34419502_34420132_DEL_1	14	34419502	34420132	-630	DEL	181436	181437	deletion	2	34419502	34420132	14	chr14:34419502-34420132	5.99	252	187	0.742	NA	full	q13.1	EGLN3	1																														dbVar:nssv15146403;dbVar:nssv15146564;dbVar:nssv15146758;dbVar:nssv15148269;dbVar:nssv15161067;dbVar:nssv15161107;nssv15161424;dbVar:nssv15161629;dbVar:nssv15161908;dbVar:nssv15162475;dbVar:nssv15162476;dbVar:nssv16207193	14:19000422-107289053;14:19280733-107287663;14:19327823-107287663;14:19794561-107234280;14:20468770-39453619;14:20490852-44562875;14:20511672-44829030;14:20511672-49111245;14:20511673-107285437;14:20619308-107263478;14:31139520-45459798	0.00			dbVar:nssv15125670;dbVar:nssv15145699;dbVar:nssv15145700;dbVar:nssv15146746;dbVar:nssv15148040;dbVar:nssv15148193;dbVar:nssv15773180;dbVar:nssv16867366;dbVar:nssv17976070	14:20665104-45754005;14:21162263-50713602;14:24018169-42452605;14:30448939-35017859;14:30851760-38181546;14:31261477-45154334;14:33608925-44570367;14:34049147-49348823;14:34349618-42828688	0.00;0.01																									0.615	0.685																3.26	0.560427810095952	0.819311271224013	0.96822605137636	1.15260367208089	3.01782398858472											9.4753e-03	2.6413e-03	0.0	1A (cf Gene_count, RE_gene, +0.00);2B (cf po_P_loss_source, HI and OMIM_morbid, +0.00);3A (1 gene, +0.00);5F (+0.00)	3
14_34419502_34420132_DEL_1	14	34419502	34420132	-630	DEL	181436	181437	deletion	2	34419502	34420132	14	chr14:34419502-34420132	5.99	252	187	0.742	NA	split	q13.1	EGLN3		NM_022073	34393432	34420280	630	357	49	no	5	exon1-intron1	5'UTR-CDS	99	5'	34419502	34420132																																																																	3.26	0.560427810095952	0.819311271224013	0.96822605137636	1.15260367208089	3.01782398858472										5	9.4753e-03	2.6413e-03			full=3
15_40542766_40545210_DEL_1	15	40542766	40545210	-2444	DEL	195160	195161	deletion	2	40542766	40545210	15	chr15:40542766-40545210	6.36	85	49	0.576	NA	full	q15.1	BUB1B-PAK6;C15orf56;PAK6	3																														dbVar:nssv15125410;dbVar:nssv15149616;dbVar:nssv15150618;nssv15150717;dbVar:nssv15151655;dbVar:nssv15172190;dbVar:nssv15172447	15:20016811-102493540;15:20063340-102521392;15:20071673-102461162;15:20733395-102511616;15:22770422-102429112;15:31115047-102354857	0.00			dbVar:nssv15127602;dbVar:nssv15127755;dbVar:nssv15154733	15:23622526-102521392;15:29209620-102521392;15:38170429-40775075	0.00;0.09																									0.505	0.745	15:40542553-40542696	L3														95.96	0.827746044917198	1.09618824047051	1.26954793008045	1.70329675871457	1.47468095337217											3.1586e-02	5.1704e-02	0.0	1A (cf Gene_count, RE_gene, +0.00);2B (cf po_P_loss_source, HI and OMIM_morbid, +0.00);3A (3 genes, +0.00);5F (+0.00)	3
15_40542766_40545210_DEL_1	15	40542766	40545210	-2444	DEL	195160	195161	deletion	2	40542766	40545210	15	chr15:40542766-40545210	6.36	85	49	0.576	NA	split	q15.1	BUB1B-PAK6		NM_001128628	40509628	40569688	2444	0	0	no	11	intron2-intron2	5'UTR	168	3'	40542766	40545210																																																																																					full=3
15_40542766_40545210_DEL_1	15	40542766	40545210	-2444	DEL	195160	195161	deletion	2	40542766	40545210	15	chr15:40542766-40545210	6.36	85	49	0.576	NA	split	q15.1	C15orf56		NR_168270	40542865	40545160	2295	0	0	no	2	txStart-txEnd	UTR			40542865	40545160																																																																	95.96				1.70329675871457	1.47468095337217										9	3.1586e-02	5.1704e-02			full=3
15_40542766_40545210_DEL_1	15	40542766	40545210	-2444	DEL	195160	195161	deletion	2	40542766	40545210	15	chr15:40542766-40545210	6.36	85	49	0.576	NA	split	q15.1	PAK6		NM_001276718	40531263	40569688	2444	0	0	no	10	intron2-intron2	5'UTR	168	3'	40542766	40545210																																																																	38.57	0.827746044917198	1.09618824047051	1.26954793008045	-1.40670787020015	-0.166704052815962										3	4.3077e-05	1.2818e-03			full=3
16_1392428_1393117_DEL_1	16	1392428	1393117	-689	DEL	204428	204430	deletion	3	1392428	1393117	16	chr16:1392428-1393117	8.35	171	113	0.661	NA	full	p13.3	BAIAP3	1															CACNA1H (morbid/RE=EA_enhancer);CLCN7 (morbid/RE=EA_enhancer);GFER (morbid/RE=EA_enhancer);IFT140 (morbid/RE=EA_enhancer);IGFALS (morbid/RE=EA_enhancer);LMF1 (morbid/RE=EA_enhancer);MAPK8IP3 (morbid/RE=EA_enhancer);MRPS34 (morbid/RE=EA_enhancer);NTHL1 (morbid/RE=EA_enhancer);PIGQ (morbid/RE=EA_enhancer);TELO2 (morbid/RE=EA_enhancer);TRAF7 (morbid/RE=EA_enhancer);TSC2 (HI=3/morbid/RE=EA_enhancer)															dbVar:nssv15145754;dbVar:nssv15146792;dbVar:nssv15147067;dbVar:nssv15147068;dbVar:nssv15147069;dbVar:nssv15147071;dbVar:nssv15147425;dbVar:nssv15147790;dbVar:nssv15147959;dbVar:nssv15148094;dbVar:nssv15148669;dbVar:nssv15148703;dbVar:nssv15149503;dbVar:nssv15149904;dbVar:nssv15150639;nssv15151292;dbVar:nssv15150758;dbVar:nssv15152396;dbVar:nssv15154767;dbVar:nssv15158224;dbVar:nssv15158812;dbVar:nssv15158813;dbVar:nssv15606077;dbVar:nssv16254459;dbVar:nssv17649874;dbVar:nssv8639650	16:102839-28327676;16:109978-4316797;16:1271651-2283774;16:1328822-1969149;16:61451-90294632;16:69193-90274381;16:716662-15836961;16:73141-11390552;16:78801-9169448;16:79941-2610461;16:84485-5251013;16:85880-11209288;16:85880-19806921;16:85880-22442007;16:85880-3216551;16:85880-5249457;16:85880-9883129;16:85881-90155062;16:88165-90163275;16:88165-90274695;16:93732-13420663;16:96766-11619372;16:96766-3264623;16:96766-4297186;16:97133-5122974	0.00;0.01;0.02;0.03;0.07;0.11			dbVar:nssv15145815;dbVar:nssv15145816;dbVar:nssv15146945;dbVar:nssv15147164;dbVar:nssv15147167;dbVar:nssv15147566;dbVar:nssv15148018;dbVar:nssv15148829;dbVar:nssv15155464;dbVar:nssv15155465;dbVar:nssv15173022;dbVar:nssv15771714;dbVar:nssv15772679;dbVar:nssv15776300;dbVar:nssv16214651;dbVar:nssv16214818;dbVar:nssv17969036	16:1203718-2185710;16:155427-1549894;16:61451-1593645;16:624055-2115656;16:624055-2148005;16:72769-1511716;16:73141-1762524;16:73141-1823350;16:85880-1468459;16:85880-1468828;16:85880-1498731;16:85880-1875694;16:85880-2053328;16:88165-1715454;16:96722-1917328;16:96766-1594015;16:96766-2047583	0.04;0.05;0.07			gnomAD-SV_v2.1_DUP_16_41071	16:1387999-1393550	0.1290												gnomAD-SV_v2.1_DUP_16_41071	16:1387999-1393550							0.640	0.695																71.97	-1.10095563764263	-1.78376165770094	-1.52214056195623	-1.98842680301957	-1.24728467376765											4.3826e-32	2.2093e-19	0.0	1A (cf Gene_count, RE_gene, +0.00);2B (cf po_P_loss_source, HI and OMIM_morbid, +0.00);3A (1 gene, +0.00);5F (+0.00)	3
16_1392428_1393117_DEL_1	16	1392428	1393117	-689	DEL	204428	204430	deletion	3	1392428	1393117	16	chr16:1392428-1393117	8.35	171	113	0.661	NA	split	p13.3	BAIAP3		NM_001199097	1383645	1399440	689	308	8	yes	34	intron11-intron14	CDS	99	3'	1392428	1393117																										gnomAD-SV_v2.1_DUP_16_41071	16:1387999-1393550	0.1290																																					71.97	-1.10095563764263	-1.78376165770094	-1.52214056195623	-1.98842680301957	-1.24728467376765										5	4.3826e-32	2.2093e-19			full=3
17_53076606_53077303_DUP_1	17	53076606	53077303	697	DUP	226107	226109	duplication	3	53076606	53077303	17	chr17:53076606-53077303	5.44	285	348	1.22	NA	full	q22	STXBP4	1																														dbVar:nssv15127236;dbVar:nssv15146325;dbVar:nssv15149031;dbVar:nssv15149626;dbVar:nssv15149908;nssv15152170;dbVar:nssv15150484;dbVar:nssv15159024;dbVar:nssv15159027;dbVar:nssv15160732	17:12344-81057996;17:16757563-81048189;17:42580684-81085615;17:48563237-65936105;17:49076980-58740945;17:52189051-57477162;17:526-81041938;17:7214-81058310;17:8547-81060040	0.00;0.01			dbVar:nssv15127168;dbVar:nssv15132970	17:34750818-81048189;17:48051897-54884970	0.00;0.01																									0.270	0.245																37.46	-0.843689472614519	-0.500103745398118	-0.591401986454136	0.463880266662713	-0.104080213383622											2.5154e-14	1.4171e-14	0.0	1A (cf Gene_count, RE_gene, +0.00);2B (cf po_P_gain_source, TS, OMIM_morbid+0.00);2L (STXBP4, +0.00);3A (1 gene, +0.00);5F (+0.00)	3
17_53076606_53077303_DUP_1	17	53076606	53077303	697	DUP	226107	226109	duplication	3	53076606	53077303	17	chr17:53076606-53077303	5.44	285	348	1.22	NA	split	q22	STXBP4		NM_178509	53046125	53250993	697	318	19	no	18	intron4-intron6	CDS	99	3'	53076606	53077303																																																																	37.46	-0.843689472614519	-0.500103745398118	-0.591401986454136	0.463880266662713	-0.104080213383622										6	2.5154e-14	1.4171e-14			full=3
17_66882841_66887837_DUP_1	17	66882841	66887837	4996	DUP	228012	228015	duplication	4	66882841	66887837	17	chr17:66882841-66887837	6.29	250	314	1.26	NA	full	q24.2	ABCA8	1																														dbVar:nssv15127236;dbVar:nssv15147369;dbVar:nssv15149626;dbVar:nssv15149908;nssv15152170;dbVar:nssv15153193;dbVar:nssv15159024;dbVar:nssv15159027;dbVar:nssv15160732;dbVar:nssv15223205;dbVar:nssv15774475;dbVar:nssv15776727	17:12344-81057996;17:16757563-81048189;17:42580684-81085615;17:526-81041938;17:57595736-73049225;17:57869604-67078443;17:62778720-81041938;17:63689671-81041938;17:64159738-74891024;17:7214-81058310;17:8547-81060040	0.01;0.03;0.05			dbVar:nssv15127168;dbVar:nssv15133207;dbVar:nssv15139144	17:34750818-81048189;17:65829982-68081995;17:66416655-69347376	0.01;0.17;0.22																									0.340	0.295																81.9	-0.543990683128648	1.33268915388635	0.574197048176665	0.07157651356776	-1.93705424842631											1.6090e-52	1.7194e-33	0.0	1A (cf Gene_count, RE_gene, +0.00);2B (cf po_P_gain_source, TS, OMIM_morbid+0.00);2L (ABCA8, +0.00);3A (1 gene, +0.00);5F (+0.00)	3
17_66882841_66887837_DUP_1	17	66882841	66887837	4996	DUP	228012	228015	duplication	4	66882841	66887837	17	chr17:66882841-66887837	6.29	250	314	1.26	NA	split	q24.2	ABCA8		NM_001288986	66863427	66951533	4996	393	8	no	39	intron22-intron25	CDS	100	3'	66882841	66887837																																																																	81.9	-0.543990683128648	1.33268915388635	0.574197048176665	0.07157651356776	-1.93705424842631										6	1.6090e-52	1.7194e-33			full=3
17_79205278_79207403_DEL_1	17	79205278	79207403	-2125	DEL	230410	230414	deletion	5	79205278	79207403	17	chr17:79205278-79207403	8.38	379	284	0.749	NA	full	q25.3	LOC105371925;TEPSIN	2																														dbVar:nssv15127236;dbVar:nssv15132085;dbVar:nssv15132209;dbVar:nssv15132539;dbVar:nssv15135885;dbVar:nssv15142500;dbVar:nssv15146769;dbVar:nssv15147088;dbVar:nssv15149626;dbVar:nssv15149908;nssv15152170;dbVar:nssv15152233;dbVar:nssv15153193;dbVar:nssv15155559;dbVar:nssv15159024;dbVar:nssv15159027;dbVar:nssv15160732;dbVar:nssv15775999;dbVar:nssv15776727	17:12344-81057996;17:16757563-81048189;17:42580684-81085615;17:526-81041938;17:62778720-81041938;17:63689671-81041938;17:67002415-81041938;17:67205220-81044553;17:67912576-81048189;17:7214-81058310;17:73951701-81041938;17:76088317-81044553;17:76552611-81041938;17:76898041-81044553;17:76914732-80978971;17:78608912-81041938;17:78981996-81048189;17:8547-81060040	0.00;0.01;0.02;0.03;0.04;0.05;0.09;0.10			dbVar:nssv15127168	17:34750818-81048189	0.00																									0.700	0.675																																		0.0	1A (cf Gene_count, RE_gene, +0.00);2B (cf po_P_loss_source, HI and OMIM_morbid, +0.00);3A (2 genes, +0.00);5F (+0.00)	3
17_79205278_79207403_DEL_1	17	79205278	79207403	-2125	DEL	230410	230414	deletion	5	79205278	79207403	17	chr17:79205278-79207403	8.38	379	284	0.749	NA	split	q25.3	LOC105371925		NR_135654	79202506	79206009	731	0	0	no	4	intron3-txEnd	UTR	379	3'	79205278	79206009																																																																																					full=3
17_79205278_79207403_DEL_1	17	79205278	79207403	-2125	DEL	230410	230414	deletion	5	79205278	79207403	17	chr17:79205278-79207403	8.38	379	284	0.749	NA	split	q25.3	TEPSIN		NM_001363764	79202076	79212855	2125	565	31	yes	13	intron6-intron10	CDS	2	3'	79205278	79207403																																																																																					full=3
19_11031012_11031722_DEL_1	19	11031012	11031722	-710	DEL	239089	239091	deletion	3	11031012	11031722	19	chr19:11031012-11031722	7.13	428	328	0.766	NA	full	p13.2	CARM1	1															DNM2 (morbid/RE=EA_enhancer);KANK2 (morbid/RE=EA_enhancer);LDLR (HI=3/morbid/RE=EA_enhancer);SMARCA4 (morbid/RE=EA_enhancer);TYK2 (morbid/RE=EA_enhancer)															dbVar:nssv15132927;dbVar:nssv15134337;dbVar:nssv15140428;dbVar:nssv15150638;nssv15150782;dbVar:nssv15173860;dbVar:nssv15173861	19:10425934-14159806;19:260912-58956888;19:260912-59097160;19:68029-59110290;19:8941823-13442041;19:9678768-14853426	0.00;0.01;0.02			dbVar:nssv15124596;dbVar:nssv15133905;dbVar:nssv15138575;dbVar:nssv15138630;dbVar:nssv15140393;dbVar:nssv16255836	19:10286133-11040457;19:10379071-13085266;19:10430150-13888674;19:10441331-11031228;19:10957601-11672041;19:9846119-11338677	0.02;0.03;0.04;0.05;0.09;0.10																									0.640	0.660																14.83	0.923870731620669	-0.266598155466512	0.141982646133214	0.803774057014245	4.49963610661281											9.9998e-01	9.9936e-01	0.0	1A (cf Gene_count, RE_gene, +0.00);2B (cf po_P_loss_source, HI and OMIM_morbid, +0.00);3A (1 gene, +0.00);5F (+0.00)	3
19_11031012_11031722_DEL_1	19	11031012	11031722	-710	DEL	239089	239091	deletion	3	11031012	11031722	19	chr19:11031012-11031722	7.13	428	328	0.766	NA	split	p13.2	CARM1		NM_001370088	10982228	11033749	710	341	19	yes	15	intron10-intron13	CDS	3	3'	11031012	11031722																																																																	14.83	0.923870731620669	-0.266598155466512	0.141982646133214	0.803774057014245	4.49963610661281										0	9.9998e-01	9.9936e-01			full=3
19_12335401_12361283_DUP_1	19	12335401	12361283	25882	DUP	239540	239551	duplication	12	12335401	12361283	19	chr19:12335401-12361283	8.28	349	435	1.25	NA	full	p13.2		0															MAN2B1 (morbid/RE=EA_enhancer)															dbVar:nssv15132927;dbVar:nssv15132928;dbVar:nssv15134337;dbVar:nssv15140428;dbVar:nssv15147244;dbVar:nssv15150638;nssv15150782;dbVar:nssv15173860;dbVar:nssv15173861	19:10425934-14159806;19:11338618-45129651;19:12242867-14862610;19:260912-58956888;19:260912-59097160;19:68029-59110290;19:8941823-13442041;19:9678768-14853426	0.04;0.08;0.50;0.58;0.69;0.99			dbVar:nssv15121994;dbVar:nssv15124596;dbVar:nssv15136271;dbVar:nssv15138575;dbVar:nssv15141590;dbVar:nssv15774889	19:10379071-13085266;19:10430150-13888674;19:11628640-13336101;19:11635978-14265833;19:12204632-13497073;19:12354642-13424014	0.62;0.75;0.96;0.98;1.52;2.00																									0.485	0.380	19:12335172-12335486;19:12335486-12335918	AluSx;LTR19A																																0.0	1A (cf Gene_count, RE_gene, +0.00);2B (cf po_P_gain_source, TS, OMIM_morbid+0.00);3A (0 gene, +0.00);5F (+0.00)	3
19_37213991_37295010_DUP_1	19	37213991	37295010	81019	DUP	243723	243735	duplication	13	37213991	37295010	19	chr19:37213991-37295010	10	162	237	1.46	NA	full	q13.12	LOC728485;ZNF567;ZNF790-AS1;ZNF850	4																														dbVar:nssv15147244;dbVar:nssv15150638;nssv15150782;dbVar:nssv15173860;dbVar:nssv15173861;dbVar:nssv15777271;dbVar:nssv17955801	19:11338618-45129651;19:19546923-41313229;19:260912-58956888;19:260912-59097160;19:28271106-49213832;19:68029-59110290	0.14;0.24;0.37;0.39			dbVar:nssv15134491;dbVar:nssv15136228;dbVar:nssv15606084	19:30152765-38605363;19:30162231-38393630;19:35111811-37744992	0.96;0.98;3.08																	DDD:53068;1000g	19:37252527-37257007;19:37284317-37284627			CMRI:2_pbsv.DEL.995_duplicate7;1000g;CMRI:0_pbsv.DEL.726_duplicate7	19:37219780-37219864;19:37284317-37284627;19:37284317-37284627			0.320	0.510	19:37213833-37213903	AT_rich	19:37294869-37295038;19:37295102-37295287	AluSq2;HAL1b				19:37294114-37295212;19:37294114-37295216;19:37294114-37301466								93.27				0.693903511642826	0.961737851410395											7.2103e-01	1.8890e-01	0.0	1A (cf Gene_count, RE_gene, +0.00);2B (cf po_P_gain_source, TS, OMIM_morbid+0.00);2G (cf po_B_gain_someG_source, +0.00)2L (ZNF567/ZNF790-AS1, +0.00);3A (4 genes, +0.00);5F (+0.00)	3
19_37213991_37295010_DUP_1	19	37213991	37295010	81019	DUP	243723	243735	duplication	13	37213991	37295010	19	chr19:37213991-37295010	10	162	237	1.46	NA	split	q13.12	LOC728485		NR_164115	37264054	37267980	3926	0	0	no	2	txStart-txEnd	UTR			37264054	37267980																																																																																					full=3
19_37213991_37295010_DUP_1	19	37213991	37295010	81019	DUP	243723	243735	duplication	13	37213991	37295010	19	chr19:37213991-37295010	10	162	237	1.46	NA	split	q13.12	ZNF567		NM_001363651	37194582	37214248	257	35	1	yes	5	intron4-txEnd	CDS-3'UTR	99	3'	37213991	37214248																																																																	69.94				0.693903511642826	0.870232865256571										5	1.0840e-07	1.8651e-06			full=3
19_37213991_37295010_DUP_1	19	37213991	37295010	81019	DUP	243723	243735	duplication	13	37213991	37295010	19	chr19:37213991-37295010	10	162	237	1.46	NA	split	q13.12	ZNF790-AS1		NR_040027	37288451	37319013	6559	0	0	no	6	txStart-intron3	UTR	2175	5'	37288451	37295010																																																																																					full=3
19_37213991_37295010_DUP_1	19	37213991	37295010	81019	DUP	243723	243735	duplication	13	37213991	37295010	19	chr19:37213991-37295010	10	162	237	1.46	NA	split	q13.12	ZNF850		NM_001193552	37234381	37263709	29328	3273	100	no	5	txStart-txEnd	5'UTR-3'UTR			37234381	37263709																																																																	93.27				-0.83869715521845	0.961737851410395										3	7.2103e-01	1.8890e-01			full=3
19_37318452_37354013_DUP_1	19	37318452	37354013	35561	DUP	243742	243753	duplication	12	37318452	37354013	19	chr19:37318452-37354013	9.22	56	115	2.05	NA	full	q13.12	ZNF345;ZNF790;ZNF790-AS1	3																														dbVar:nssv15147244;dbVar:nssv15150638;nssv15150782;dbVar:nssv15173860;dbVar:nssv15173861;dbVar:nssv15777271;dbVar:nssv17955801	19:11338618-45129651;19:19546923-41313229;19:260912-58956888;19:260912-59097160;19:28271106-49213832;19:68029-59110290	0.06;0.11;0.16;0.17			dbVar:nssv15134491;dbVar:nssv15136228;dbVar:nssv15606084	19:30152765-38605363;19:30162231-38393630;19:35111811-37744992	0.42;0.43;1.35																									0.375	0.405	19:37317793-37318550;19:37318550-37318659	LTR66;L2c	19:37353658-37354052	MLT1B												90.84	-1.23654275635387	0.95510641764395	-0.0352628765679168	0.0247572641900162	0.232141530787396											1.4292e-08	2.3315e-11	0.0	1A (cf Gene_count, RE_gene, +0.00);2B (cf po_P_gain_source, TS, OMIM_morbid+0.00);2L (ZNF345/ZNF790/ZNF790-AS1, +0.00);3A (3 genes, +0.00);5F (+0.00)	3
19_37318452_37354013_DUP_1	19	37318452	37354013	35561	DUP	243742	243753	duplication	12	37318452	37354013	19	chr19:37318452-37354013	9.22	56	115	2.05	NA	split	q13.12	ZNF345		NM_003419	37341259	37370477	12754	0	0	no	3	txStart-intron2	5'UTR	11207	5'	37341259	37354013																																																																	58.91				0.0247572641900162	0.232141530787396										7	1.4292e-08	2.3315e-11			full=3
19_37318452_37354013_DUP_1	19	37318452	37354013	35561	DUP	243742	243753	duplication	12	37318452	37354013	19	chr19:37318452-37354013	9.22	56	115	2.05	NA	split	q13.12	ZNF790		NM_001242800	37309223	37341689	23237	0	0	no	5	txStart-intron1	5'UTR	1858	3'	37318452	37341689																																																																	90.84	-1.23654275635387	0.95510641764395	-0.0352628765679168	-0.180573261008462	-1.06758300113337										7	9.0679e-16	3.2762e-12			full=3
19_37318452_37354013_DUP_1	19	37318452	37354013	35561	DUP	243742	243753	duplication	12	37318452	37354013	19	chr19:37318452-37354013	9.22	56	115	2.05	NA	split	q13.12	ZNF790-AS1		NR_040027	37288451	37319013	561	0	0	no	6	intron5-txEnd	UTR	99	3'	37318452	37319013																																																																																					full=3
19_37464015_37482848_DUP_1	19	37464015	37482848	18833	DUP	243774	243780	duplication	7	37464015	37482848	19	chr19:37464015-37482848	7.06	72	120	1.67	NA	full	q13.12	ZNF568	1																														dbVar:nssv15147244;dbVar:nssv15150638;nssv15150782;dbVar:nssv15173860;dbVar:nssv15173861;dbVar:nssv15777271;dbVar:nssv17955801	19:11338618-45129651;19:19546923-41313229;19:260912-58956888;19:260912-59097160;19:28271106-49213832;19:68029-59110290	0.03;0.06;0.09			dbVar:nssv15134491;dbVar:nssv15136228;dbVar:nssv15606084	19:30152765-38605363;19:30162231-38393630;19:35111811-37744992	0.22;0.23;0.72																									0.670	0.515			19:37482885-37483164	AluSx3												88.58	-0.0152874365108478	0.752761724447961	0.404110078466246	0.567062840239192	0.21611004202016											2.2849e-09	4.9082e-09	0.0	1A (cf Gene_count, RE_gene, +0.00);2B (cf po_P_gain_source, TS, OMIM_morbid+0.00);2L (ZNF568, +0.00);3A (1 gene, +0.00);5F (+0.00)	3
19_37464015_37482848_DUP_1	19	37464015	37482848	18833	DUP	243774	243780	duplication	7	37464015	37482848	19	chr19:37464015-37482848	7.06	72	120	1.67	NA	split	q13.12	ZNF568		NM_001204838	37407230	37488834	18833	267	13	no	10	intron6-intron9	CDS	100	5'	37464015	37482848																																																																	88.58	-0.0152874365108478	0.752761724447961	0.404110078466246	0.567062840239192	0.21611004202016										5	2.2849e-09	4.9082e-09			full=3
19_37742728_37837494_DUP_1	19	37742728	37837494	94766	DUP	243814	243834	duplication	21	37742728	37837494	19	chr19:37742728-37837494	15.2	135	236	1.75	NA	full	q13.12	LINC01535;LOC284412;ZNF875	3															YIF1B (morbid/RE=EA_enhancer)															dbVar:nssv15123473;dbVar:nssv15132525;dbVar:nssv15147244;dbVar:nssv15150638;nssv15150782;dbVar:nssv15173860;dbVar:nssv15173861;dbVar:nssv15777271;dbVar:nssv17955801	19:11338618-45129651;19:19546923-41313229;19:260912-58956888;19:260912-59097160;19:28271106-49213832;19:37582250-41630908;19:37810279-43242840;19:68029-59110290	0.16;0.28;0.44;0.45;0.50;2.34			dbVar:nssv15134491;dbVar:nssv15136228;dbVar:nssv15606084	19:30152765-38605363;19:30162231-38393630;19:35111811-37744992	0.09;1.12;1.15																							19:37760001-38440000;19:37760001-42520000	ENCFF032FMN:ENCFF451MCF:ENCFF477VVJ:ENCFF654GDV:ENCFF935GWA	0.585	0.420																																		0.0	1A (cf Gene_count, RE_gene, +0.00);2B (cf po_P_gain_source, TS, OMIM_morbid+0.00);2L (ZNF875, +0.00);3A (3 genes, +0.00);5F (+0.00)	3
19_37742728_37837494_DUP_1	19	37742728	37837494	94766	DUP	243814	243834	duplication	21	37742728	37837494	19	chr19:37742728-37837494	15.2	135	236	1.75	NA	split	q13.12	LINC01535		NR_110719	37742786	37756437	13651	0	0	no	3	txStart-txEnd	UTR			37742786	37756437																																																																																					full=3
19_37742728_37837494_DUP_1	19	37742728	37837494	94766	DUP	243814	243834	duplication	21	37742728	37837494	19	chr19:37742728-37837494	15.2	135	236	1.75	NA	split	q13.12	LOC284412		NR_029390	37756840	37759912	3072	0	0	no	2	txStart-txEnd	UTR			37756840	37759912																																																																																					full=3
19_37742728_37837494_DUP_1	19	37742728	37837494	94766	DUP	243814	243834	duplication	21	37742728	37837494	19	chr19:37742728-37837494	15.2	135	236	1.75	NA	split	q13.12	ZNF875		NM_181786	37825525	37855358	11969	90	4	no	6	txStart-intron3	5'UTR-CDS	597	3'	37825525	37837494																																																																																					full=3
19_55593360_55594070_DEL_1	19	55593360	55594070	-710	DEL	249831	249834	deletion	4	55593360	55594070	19	chr19:55593360-55594070	6.51	157	108	0.688	NA	full	q13.42	EPS8L1	1															DNAAF3 (morbid/RE=EA_enhancer);GP6 (morbid/RE=EA_enhancer);MBOAT7 (morbid/RE=EA_enhancer);NLRP7 (morbid/RE=EA_enhancer);TNNI3 (morbid/RE=EA_enhancer);TNNT1 (morbid/RE=EA_enhancer)															dbVar:nssv15145773;dbVar:nssv15145776;dbVar:nssv15146207;dbVar:nssv15146445;dbVar:nssv15147147;dbVar:nssv15147255;dbVar:nssv15147315;dbVar:nssv15147841;dbVar:nssv15147992;dbVar:nssv15148182;dbVar:nssv15150638;nssv15150782;dbVar:nssv15156245;dbVar:nssv15159688;dbVar:nssv15173860;dbVar:nssv15173861;dbVar:nssv16255652	19:260912-58956888;19:260912-59097160;19:48411797-59051332;19:48432832-59083573;19:48463931-57095254;19:50411089-59069256;19:50489390-59095359;19:50655777-59092570;19:50694476-59047185;19:50740074-59097160;19:51644775-59051332;19:52647126-58956888;19:53115685-59092570;19:53458309-59092570;19:54196216-58759679;19:68029-59110290	0.00;0.01;0.02			dbVar:nssv17956383	19:55247893-56503347	0.06																									0.685	0.560																82.92	-1.09660343214545	0.351153588640925	-0.27031953798049	1.38841356061146	1.28465289042638											2.0053e-15	2.7452e-08	0.0	1A (cf Gene_count, RE_gene, +0.00);2B (cf po_P_loss_source, HI and OMIM_morbid, +0.00);3A (1 gene, +0.00);5F (+0.00)	3
19_55593360_55594070_DEL_1	19	55593360	55594070	-710	DEL	249831	249834	deletion	4	55593360	55594070	19	chr19:55593360-55594070	6.51	157	108	0.688	NA	split	q13.42	EPS8L1		NM_133180	55587236	55599291	710	313	14	yes	20	intron9-intron12	CDS	93	5'	55593360	55594070																																																																	82.92	-1.09660343214545	0.351153588640925	-0.27031953798049	1.38841356061146	1.28465289042638										5	2.0053e-15	2.7452e-08			full=3
20_32246183_32247964_DEL_1	20	32246183	32247964	-1781	DEL	253533	253539	deletion	7	32246183	32247964	20	chr20:32246183-32247964	8.46	327	242	0.74	NA	full	q11.22	NECAB3	1																														dbVar:nssv15126160;dbVar:nssv15138686;dbVar:nssv15161048;dbVar:nssv15161322;dbVar:nssv15161429;nssv15161862;dbVar:nssv15163105;dbVar:nssv15163106;dbVar:nssv15163386;dbVar:nssv15773495;dbVar:nssv17956859;dbVar:nssv17969245	20:18665879-33903216;20:25442597-33761550;20:25755100-39058066;20:29833608-35087952;20:30650571-34494528;20:61569-62915555;20:63244-62912463;20:63244-62948788;20:63244-62961294;20:80198-62908674;20:9792081-37945599	0.00;0.01;0.02;0.03;0.05			dbVar:nssv15124240;dbVar:nssv15147287;dbVar:nssv17971500	20:30824541-46297763;20:31189994-34287210;20:32020169-35450284	0.01;0.05;0.06																									0.560	0.605	20:32246042-32246244	MIRb														61.33	-2.18944272148002	-0.0982240144466943	-1.03962796040024	-0.000213341846980699	0.830805832020282											2.7510e-05	7.9763e-01	0.0	1A (cf Gene_count, RE_gene, +0.00);2B (cf po_P_loss_source, HI and OMIM_morbid, +0.00);3A (1 gene, +0.00);5F (+0.00)	3
20_32246183_32247964_DEL_1	20	32246183	32247964	-1781	DEL	253533	253539	deletion	7	32246183	32247964	20	chr20:32246183-32247964	8.46	327	242	0.74	NA	split	q11.22	NECAB3		NM_031232	32244892	32262234	1781	546	45	no	12	intron6-intron10	CDS	99	5'	32246183	32247964																																																																	61.33	-2.18944272148002	-0.0982240144466943	-1.03962796040024	-0.000213341846980699	0.830805832020282										4	2.7510e-05	7.9763e-01			full=3
7_76139645_76140469_DEL_1	7	76139645	76140469	-824	DEL	105284	105286	deletion	3	76139645	76140469	7	chr7:76139645-76140469	5.47	121	82	0.678	NA	full	q11.23	UPK3B	1															HSPB1 (morbid/RE=EA_enhancer);MDH2 (morbid/RE=EA_enhancer);POR (morbid/RE=EA_enhancer);YWHAG (morbid/RE=EA_enhancer);ZP3 (morbid/RE=EA_enhancer)															dbVar:nssv15146778;dbVar:nssv15161666;nssv15161679;dbVar:nssv15168013;dbVar:nssv15168014;dbVar:nssv15777247	7:10365-159119707;7:10704-159122532;7:43361-159119707;7:44935-159126310;7:71644077-78793387	0.00;0.01			dbVar:nssv15121770;dbVar:nssv15128270;dbVar:nssv15128951;dbVar:nssv15146320;dbVar:nssv15146612;dbVar:nssv15147200;dbVar:nssv15147202;dbVar:nssv15147204;dbVar:nssv15148954;dbVar:nssv15161318;dbVar:nssv15167751;dbVar:nssv16254015;dbVar:nssv17956467	7:54185-159075079;7:68847339-77453149;7:70690330-81364973;7:72403117-76709600;7:72766313-76351578;7:73992744-81661058;7:73992744-83618176;7:75066351-76255805;7:75126024-78004892;7:75131839-76296318;7:75159180-76240800;7:75588704-80277632;7:75921853-78712974	0.00;0.01;0.02;0.03;0.07;0.08			1000g;dgv232e55;dgv234e55;esv2761124;gnomAD-SV_v2.1_DUP_7_21690;gnomAD-SV_v2.1_DUP_7_21699;nsv517634	7:76126499-76145000;7:76130043-76145287;7:76003967-76738591;7:76046324-76565750;7:76046324-76637441;7:76072591-76607295;7:76086617-76584599	0.3333												gnomAD-SV_v2.1_DUP_7_21700;gnomAD-SV_v2.1_DUP_7_21699;1000g;dgv232e55;dgv234e55;nsv517634;esv2761124;gnomAD-SV_v2.1_DUP_7_21690	7:76139999-76145000;7:76126499-76145000;7:76130043-76145287;7:76003967-76738591;7:76046324-76565750;7:76046324-76637441;7:76072591-76607295;7:76086617-76584599							0.665	0.550							7:76077337-76169053	7:76077337-76169053								72.26				1.27939642609184	-0.148505296017672											2.3426e-04	1.9233e-04	0.0	1A (cf Gene_count, RE_gene, +0.00);2B (cf po_P_loss_source, HI and OMIM_morbid, +0.00);3A (1 gene, +0.00);5F (+0.00)	3
7_76139645_76140469_DEL_1	7	76139645	76140469	-824	DEL	105284	105286	deletion	3	76139645	76140469	7	chr7:76139645-76140469	5.47	121	82	0.678	NA	split	q11.23	UPK3B		NM_030570	76139739	76157199	730	400	41	yes	5	txStart-intron1	5'UTR-CDS	100	5'	76139739	76140469																										1000g;dgv232e55;dgv234e55;esv2761124;gnomAD-SV_v2.1_DUP_7_21690;gnomAD-SV_v2.1_DUP_7_21699;nsv517634	7:76126499-76145000;7:76130043-76145287;7:76003967-76738591;7:76046324-76565750;7:76046324-76637441;7:76072591-76607295;7:76086617-76584599	0.3333																																					72.26				1.27939642609184	-0.148505296017672										6	2.3426e-04	1.9233e-04			full=3
8_145731131_145731889_DEL_1	8	145731131	145731889	-758	DEL	121983	121986	deletion	4	145731131	145731889	8	chr8:145731131-145731889	5.85	165	117	0.709	NA	full	q24.3	GPT	1																														dbVar:nssv15128680;dbVar:nssv15143620;dbVar:nssv15145655;dbVar:nssv15161065;dbVar:nssv15161075;dbVar:nssv15161087;dbVar:nssv15161091;dbVar:nssv15161103;dbVar:nssv15161104;dbVar:nssv15161105;dbVar:nssv15161266;dbVar:nssv15161269;dbVar:nssv15161330;dbVar:nssv15161331;dbVar:nssv15161337;dbVar:nssv15161352;dbVar:nssv15161357;dbVar:nssv15161374;dbVar:nssv15161417;nssv15161657;dbVar:nssv15161426;dbVar:nssv15161428;dbVar:nssv15161436;dbVar:nssv15161551;dbVar:nssv15161674;dbVar:nssv15161722;dbVar:nssv15161748;dbVar:nssv15161750;dbVar:nssv15161791;dbVar:nssv15161801;nssv15777239;dbVar:nssv15161846;dbVar:nssv15161849;dbVar:nssv15161853;dbVar:nssv15161867;dbVar:nssv15162409;dbVar:nssv15162410;dbVar:nssv15169207;dbVar:nssv15169210;dbVar:nssv15773510;dbVar:nssv15774288;dbVar:nssv15775091;dbVar:nssv15775349;dbVar:nssv15777249;dbVar:nssv16206976;dbVar:nssv16208199;dbVar:nssv16255150;dbVar:nssv17970300;dbVar:nssv17970325;dbVar:nssv17976072	8:101879571-146295771;8:10213-146293414;8:104318564-146294098;8:114592631-146280020;8:114853126-146295771;8:121042467-146295771;8:121694649-146295771;8:122193546-146295771;8:12490999-146295771;8:125496223-146295771;8:125510739-146294098;8:125526331-146280020;8:128877995-146295771;8:129233158-146274835;8:130863093-146295771;8:131651428-146294098;8:131682563-146280020;8:134825277-146280828;8:136059859-146295771;8:136378789-146295771;8:139188797-146295771;8:13938-146304022;8:140016461-146274835;8:140249067-146294098;8:142840194-146280020;8:143815037-146295771;8:144262042-146295771;8:145076839-146022332;8:158048-146295771;8:158049-146295771;8:158991-146280828;8:164984-146293414;8:176452-146294098;8:191530-146274835;8:191530-146280020;8:191605-146280167;8:21149033-146295771;8:31936551-146295771;8:70382990-146295771;8:78392286-146294098;8:79526312-146280020;8:86778228-146295771;8:86841154-146295771;8:88943380-146294098;8:95694382-146294042;8:96496503-146295711;8:98395101-146295771;8:98432250-146222672	0.00;0.01;0.02;0.03;0.04;0.08								gnomAD-SV_v2.1_DUP_8_26116	8:145721999-145732300	0.0800												gnomAD-SV_v2.1_DUP_8_26116	8:145721999-145732300							0.800	0.665	8:145730884-145731069	(CCCCG)n														64.08	-1.69424478759764	-1.64619099216415	-1.6803208059565	-1.25925689586676	-1.2199292168226											3.5945e-19	2.8432e-15	0.0	1A (cf Gene_count, RE_gene, +0.00);3A (1 gene, +0.00);5F (+0.00)	3
8_145731131_145731889_DEL_1	8	145731131	145731889	-758	DEL	121983	121986	deletion	4	145731131	145731889	8	chr8:145731131-145731889	5.85	165	117	0.709	NA	split	q24.3	GPT		NM_001382664	145728450	145732555	758	398	26	yes	12	intron6-exon10	CDS	6	3'	145731131	145731889																										gnomAD-SV_v2.1_DUP_8_26116	8:145721999-145732300	0.0800																																					64.08	-1.69424478759764	-1.64619099216415	-1.6803208059565	-1.25925689586676	-1.2199292168226										8	3.5945e-19	2.8432e-15			full=3
15_34824947_34826474_DEL_1	15	34824947	34826474	-1527	DEL	194850	194851	deletion	2	34824947	34826474	15	chr15:34824947-34826474	5.77	59	30	0.508	NA	full	q14	GOLGA8B	1																														dbVar:nssv15125410;dbVar:nssv15145681;dbVar:nssv15147411;dbVar:nssv15149616;dbVar:nssv15150618;nssv15150717;dbVar:nssv15151655;dbVar:nssv15172190;dbVar:nssv15172447	15:20016811-102493540;15:20063340-102521392;15:20071673-102461162;15:20733395-102511616;15:22765628-38837526;15:22770422-102429112;15:31115047-102354857;15:32899499-35492630	0.00;0.01;0.06			dbVar:nssv15127602;dbVar:nssv15127755;dbVar:nssv15146268;dbVar:nssv15146365;dbVar:nssv15147319;dbVar:nssv15148236;dbVar:nssv15154730;dbVar:nssv16208403;dbVar:nssv16208407;dbVar:nssv16208948	15:22698522-38381783;15:22770421-36861479;15:23622526-102521392;15:25279016-37496505;15:29209620-102521392;15:31675452-35689958;15:32446829-34868996;15:32618337-39686269;15:32928004-40526026;15:34197488-38656254	0.00;0.01;0.02;0.03;0.04;0.06			1000g	15:34721236-34836826	0.0144	1000g;DDD:44673;DDD:44674;HI40:ISCA-46481;HI40:ISCA-46482;dgv2562n100;dgv313n27;dgv43e203;esv3636115;gnomAD-SV_v2.1_DEL_15_146738;gnomAD-SV_v2.1_DEL_15_146739;nsv517751	15:34647568-34871296;15:34674030-35008201;15:34674424-35009836;15:34678777-34862723;15:34710126-34856557;15:34710126-34856557;15:34714111-34830932;15:34718594-34871296;15:34721236-34836826;15:34721236-34836826;15:34726357-34872885;15:34726357-34872885	0.1680									1000g	15:34721236-34836826			nsv517751;DDD:44673;DDD:44674;dgv43e203;HI40:ISCA-46481;gnomAD-SV_v2.1_DEL_15_146738;dgv2562n100;dgv313n27;1000g;esv3636115;HI40:ISCA-46482;gnomAD-SV_v2.1_DEL_15_146739	15:34647568-34871296;15:34674030-35008201;15:34674424-35009836;15:34678777-34862723;15:34710126-34856557;15:34710126-34856557;15:34714111-34830932;15:34718594-34871296;15:34721236-34836826;15:34721236-34836826;15:34726357-34872885;15:34726357-34872885			0.655	0.365			15:34826410-34826501	MIRc			15:34817214-34875898;15:34817849-34828778;15:34820870-34828105;15:34820870-34828777;15:34820870-34828779;15:34820870-34828779;15:34820870-34828862;15:34820870-34828862;15:34820870-34828862;15:34820870-34828862;15:34820870-34828886;15:34820870-34828886;15:34820870-34828886;15:34820870-34828886;15:34820870-34828886;15:34820870-34828886;15:34820873-34828886;15:34820889-34828886;15:34820889-34829843	15:34817214-34875898;15:34817849-34828778;15:34820870-34828105;15:34820870-34828777;15:34820870-34828779;15:34820870-34828779;15:34820870-34828862;15:34820870-34828862;15:34820870-34828862;15:34820870-34828862;15:34820870-34828886;15:34820870-34828886;15:34820870-34828886;15:34820870-34828886;15:34820870-34828886;15:34820870-34828886;15:34820873-34828886;15:34820889-34828886;15:34820889-34829843								91.31				2.14966355358368	2.58221628512354											4.7959e-05	2.8013e-01	-1.0	1A (cf Gene_count, RE_gene, +0.00);2F/4O (cf B_loss_source, -1.00);2B (cf po_P_loss_source, HI and OMIM_morbid, +0.00);3A (1 gene, +0.00);5F (+0.00)	1
15_34824947_34826474_DEL_1	15	34824947	34826474	-1527	DEL	194850	194851	deletion	2	34824947	34826474	15	chr15:34824947-34826474	5.77	59	30	0.508	NA	split	q14	GOLGA8B		NM_001023567	34817295	34875852	1527	237	13	no	24	intron9-intron11	CDS	99	5'	34824947	34826474																										1000g	15:34721236-34836826	0.0144	1000g;DDD:44673;DDD:44674;HI40:ISCA-46481;HI40:ISCA-46482;dgv2562n100;dgv313n27;dgv43e203;esv3636115;gnomAD-SV_v2.1_DEL_15_146738;gnomAD-SV_v2.1_DEL_15_146739;nsv517751	15:34647568-34871296;15:34674030-35008201;15:34674424-35009836;15:34678777-34862723;15:34710126-34856557;15:34710126-34856557;15:34714111-34830932;15:34718594-34871296;15:34721236-34836826;15:34721236-34836826;15:34726357-34872885;15:34726357-34872885	0.1680																																		91.31				2.14966355358368	2.58221628512354										9	4.7959e-05	2.8013e-01			full=1
19_643135_648587_DEL_1	19	643135	648587	-5452	DEL	235426	235430	deletion	5	643135	648587	19	chr19:643135-648587	6.02	94	58	0.617	NA	full	p13.3	FGF22;RNF126	2																														dbVar:nssv15119865;dbVar:nssv15124514;dbVar:nssv15132358;dbVar:nssv15132660;dbVar:nssv15132880;dbVar:nssv15132925;dbVar:nssv15133879;dbVar:nssv15138543;dbVar:nssv15139757;dbVar:nssv15143570;dbVar:nssv15146033;dbVar:nssv15146429;dbVar:nssv15150638;nssv15150782;dbVar:nssv15150856;dbVar:nssv15153079;dbVar:nssv15153914;dbVar:nssv15173860;dbVar:nssv15173861;dbVar:nssv15775218;dbVar:nssv16208547;dbVar:nssv16209035	19:233565-4699484;19:259395-1952649;19:259395-2068506;19:259395-2555147;19:259395-3152419;19:259395-6795622;19:259395-819679;19:260911-1965786;19:260911-3200875;19:260911-3501271;19:260911-4788357;19:260912-1163934;19:260912-4384674;19:260912-58956888;19:260912-59097160;19:266117-1094614;19:275925-1892275;19:277373-2555164;19:421537-2897919;19:591812-1358151;19:68029-59110290	0.01;0.08;0.12;0.13;0.17;0.19;0.22;0.24;0.30;0.32;0.34;0.60;0.66;0.71;0.97			dbVar:nssv17970704	19:589946-1106571	1.06						1000g	19:640060-675990	0.0101													1000g	19:640060-675990			0.700	0.690			19:648686-648872	AluSx1												74.97				-0.695535374184526	0.0992314041278988											9.5379e-01	7.7455e-01	-1.0	1A (cf Gene_count, RE_gene, +0.00);2F/4O (cf B_loss_source, -1.00);2B (cf po_P_loss_source, HI and OMIM_morbid, +0.00);3A (2 genes, +0.00);5F (+0.00)	1
19_643135_648587_DEL_1	19	643135	648587	-5452	DEL	235426	235430	deletion	5	643135	648587	19	chr19:643135-648587	6.02	94	58	0.617	NA	split	p13.3	FGF22		NM_020637	639878	644373	1238	299	58	yes	3	intron1-txEnd	CDS-3'UTR	99	3'	643135	644373																													1000g	19:640060-675990	0.0101																																		74.97				-0.695535374184526	-1.49193445006312										9	6.6707e-07	1.0315e-04			full=1
19_643135_648587_DEL_1	19	643135	648587	-5452	DEL	235426	235430	deletion	5	643135	648587	19	chr19:643135-648587	6.02	94	58	0.617	NA	split	p13.3	RNF126		NM_001366018	647525	663214	1062	266	31	yes	9	intron7-txEnd	CDS-3'UTR	100	3'	647525	648587																													1000g	19:640060-675990	0.0101																																		71.51				-0.932745046856513	0.0992314041278988										1	9.5379e-01	7.7455e-01			full=1
7_143421353_143422276_DEL_1	7	143421353	143422276	-923	DEL	111604	111605	deletion	2	143421353	143422276	7	chr7:143421353-143422276	5.26	77	46	0.597	NA	full	q35	TCAF2	1																														dbVar:nssv15131832;dbVar:nssv15136128;dbVar:nssv15136154;dbVar:nssv15145666;dbVar:nssv15146044;dbVar:nssv15146337;dbVar:nssv15146470;dbVar:nssv15147343;dbVar:nssv15147497;dbVar:nssv15147531;dbVar:nssv15148265;dbVar:nssv15148270;dbVar:nssv15148872;dbVar:nssv15149871;dbVar:nssv15153681;dbVar:nssv15161666;nssv15161679;dbVar:nssv15167884;dbVar:nssv15168013;dbVar:nssv15168014;dbVar:nssv15606038;dbVar:nssv15776564;dbVar:nssv15777247;dbVar:nssv16208848;dbVar:nssv17957243	7:10365-159119707;7:10704-159122532;7:109251060-159119707;7:115099069-159118507;7:121503813-159128555;7:128312450-159119220;7:128950007-159075079;7:130592554-159119707;7:130856237-159119707;7:130913523-159128556;7:132122831-159119707;7:132128854-159128556;7:132534956-159118566;7:133851002-159119707;7:135994730-159100212;7:136758593-159119707;7:137435946-154607292;7:139623170-158329903;7:140826207-145349314;7:143293828-149786214;7:43361-159119707;7:44935-159126310;7:97049164-158716453;7:98693388-159119707	0.00;0.01;0.02			dbVar:nssv15122030;dbVar:nssv15132030;dbVar:nssv15136896;dbVar:nssv15146590;dbVar:nssv15148115;dbVar:nssv15148846;dbVar:nssv15150419;dbVar:nssv15150604;dbVar:nssv15154528;dbVar:nssv15161318;dbVar:nssv15167893;dbVar:nssv16208666;dbVar:nssv17955883	7:131414604-159126310;7:133848099-145814115;7:134351581-158384574;7:134702438-148504492;7:135098857-143837312;7:137917376-159119707;7:140133025-158982771;7:140453998-159100212;7:140636858-159119707;7:141938235-159126310;7:142528609-143951990;7:142528609-159128556;7:54185-159075079	0.00;0.01;0.06			DDD:25841;gnomAD-SV_v2.1_DUP_7_22693;gnomAD-SV_v2.1_DUP_7_22695;nsv514455	7:143416999-143424050;7:143419499-143424500;7:143223558-143541003;7:143248293-143563494	0.1202	DDD:25841	7:143248293-143563494	0.0343									gnomAD-SV_v2.1_DUP_7_22693;gnomAD-SV_v2.1_DUP_7_22695;DDD:25847;nsv514455;DDD:25841	7:143416999-143424050;7:143419499-143424500;7:143422001-143422171;7:143223558-143541003;7:143248293-143563494			DDD:25847;DDD:25841	7:143422001-143422171;7:143248293-143563494			0.440	0.375							7:143414608-143425200;7:143414608-143425200	7:143414608-143425200;7:143414608-143425200								85.43																		-1.0	1A (cf Gene_count, RE_gene, +0.00);2F/4O (cf B_loss_source, -1.00);2B (cf po_P_loss_source, HI and OMIM_morbid, +0.00);3A (1 gene, +0.00);5F (+0.00)	1
7_143421353_143422276_DEL_1	7	143421353	143422276	-923	DEL	111604	111605	deletion	2	143421353	143422276	7	chr7:143421353-143422276	5.26	77	46	0.597	NA	split	q35	TCAF2		NM_001365428	143318066	143422176	823	371	21	yes	6	intron5-txEnd	CDS-3'UTR	99	3'	143421353	143422176																										DDD:25841;gnomAD-SV_v2.1_DUP_7_22693;gnomAD-SV_v2.1_DUP_7_22695;nsv514455	7:143416999-143424050;7:143419499-143424500;7:143223558-143541003;7:143248293-143563494	0.1202	DDD:25841	7:143248293-143563494	0.0343																																		85.43																				full=1
